-5.101365590690279 ,0.8693867662640831 ,0.3381034522653097 ,-0.7356960792410387 ,-0.318541692974017 ,2.846597272129504 ,3.9195086430441655 ,4.023923413872701 ,0.5478609859619645 ,-0.09047083846615367 ,-2.0024686441834856 ,-5.605384342907311 ,-2.9212928178097815 ,-0.7912439080487039 ,5.889384518510941 ,4.520942546514398 ,0.6022091535567999 ,-2.2030152429422856 ,8.999310799264546 ,8.677748958451389 ,-0.014731983443994068 ,1.0385357221588642 ,-4.813624432666898 ,-0.7076733403520179 ,-0.320301786622432 ,0.43182422906055273 ,-0.737064359428268 ,0.09830211719806581 ,0.9435672171088083 ,-1.544421288532813 ,-0.5741601163298644 ,-1.08747362922137 ,0.1394565427226495 ,-5.677154606640739 ,5.647514432361334 ,0.46249983894202495 ,3096.643310546875 ,98.0 ,
-5.101365590690279 ,0.8693867662640831 ,0.3381034522653097 ,-0.7356960792410387 ,-0.318541692974017 ,2.846597272129504 ,3.9195086430441655 ,4.023923413872701 ,0.5478609859619645 ,-0.09047083846615367 ,-2.0024686441834856 ,-5.605384342907311 ,-2.9212928178097815 ,-0.7912439080487039 ,0.9786518749440467 ,7.293313590921619 ,0.6022091535567999 ,-2.2030152429422856 ,8.999310799264546 ,8.677748958451389 ,-0.014731983443994068 ,1.0385357221588642 ,-4.813624432666898 ,-3.452529623473362 ,-0.320301786622432 ,0.43182422906055273 ,-0.737064359428268 ,0.09830211719806581 ,0.9435672171088083 ,-1.544421288532813 ,-0.5741601163298644 ,-1.08747362922137 ,0.1394565427226495 ,-5.677154606640739 ,5.647514432361334 ,0.46249983894202495 ,3093.632080078125 ,97.0 ,
-5.101365590690279 ,0.8693867662640831 ,0.3381034522653097 ,-0.7356960792410387 ,-0.318541692974017 ,0.9669495464145215 ,3.9195086430441655 ,4.023923413872701 ,0.5478609859619645 ,-0.09047083846615367 ,-2.0024686441834856 ,-5.605384342907311 ,-7.0666331468348 ,-0.7912439080487039 ,0.9786518749440467 ,4.520942546514398 ,-0.8873478785727893 ,-2.2030152429422856 ,12.95226641319541 ,13.341524587573286 ,-0.014731983443994068 ,1.0385357221588642 ,-4.743063045091979 ,-3.452529623473362 ,-0.320301786622432 ,0.43182422906055273 ,-0.737064359428268 ,0.09830211719806581 ,0.9435672171088083 ,-1.1494512728317643 ,-0.5741601163298644 ,-2.3660172170183746 ,0.1394565427226495 ,-5.677154606640739 ,10.498014163642054 ,0.46249983894202495 ,2570.370361328125 ,94.0 ,
-5.101365590690279 ,0.8693867662640831 ,0.3381034522653097 ,-0.7356960792410387 ,-0.318541692974017 ,2.846597272129504 ,3.9195086430441655 ,4.023923413872701 ,0.5478609859619645 ,4.7887315721985875 ,-2.0024686441834856 ,-5.605384342907311 ,-2.9212928178097815 ,-0.7912439080487039 ,0.9786518749440467 ,4.520942546514398 ,0.6022091535567999 ,-2.2030152429422856 ,8.999310799264546 ,8.677748958451389 ,-0.014731983443994068 ,1.0385357221588642 ,-4.813624432666898 ,-3.452529623473362 ,-0.320301786622432 ,0.43182422906055273 ,-0.737064359428268 ,0.09830211719806581 ,0.9435672171088083 ,-1.544421288532813 ,-0.5741601163298644 ,-1.08747362922137 ,0.1394565427226495 ,-5.677154606640739 ,5.647514432361334 ,-0.04055232001105069 ,2563.917236328125 ,95.0 ,
-5.101365590690279 ,5.228520693295781 ,0.3381034522653097 ,-0.7356960792410387 ,-0.318541692974017 ,5.101905142635976 ,3.9195086430441655 ,4.023923413872701 ,0.5478609859619645 ,4.7887315721985875 ,-2.0024686441834856 ,-5.605384342907311 ,-2.9212928178097815 ,-0.7912439080487039 ,0.9786518749440467 ,4.520942546514398 ,-3.376697195981435 ,-2.2030152429422856 ,8.999310799264546 ,8.677748958451389 ,-0.014731983443994068 ,4.18681812089986 ,-4.813624432666898 ,-3.452529623473362 ,-0.320301786622432 ,0.43182422906055273 ,-0.737064359428268 ,0.09830211719806581 ,0.9435672171088083 ,-1.544421288532813 ,-0.5741601163298644 ,-1.08747362922137 ,-2.4170495050996794 ,-5.677154606640739 ,5.647514432361334 ,-0.04055232001105069 ,2558.735595703125 ,96.0 ,
-5.101365590690279 ,0.8693867662640831 ,0.3381034522653097 ,-0.7356960792410387 ,-0.318541692974017 ,2.846597272129504 ,3.9195086430441655 ,4.023923413872701 ,0.5478609859619645 ,-0.09047083846615367 ,-2.0024686441834856 ,-5.605384342907311 ,-2.9212928178097815 ,-0.7912439080487039 ,5.889384518510941 ,4.520942546514398 ,0.6022091535567999 ,-7.086233332723796 ,8.999310799264546 ,8.677748958451389 ,-0.014731983443994068 ,1.6788891719941312 ,-4.813624432666898 ,0.7396290205822238 ,-0.320301786622432 ,0.43182422906055273 ,-0.737064359428268 ,0.09830211719806581 ,0.9435672171088083 ,-0.9826923007174766 ,-0.5741601163298644 ,-4.248898978101805 ,0.1394565427226495 ,-6.430076702256846 ,5.647514432361334 ,0.46249983894202495 ,2218.9462890625 ,93.0 ,
-8.990920541290318 ,0.8693867662640831 ,0.3381034522653097 ,-0.7356960792410387 ,-0.318541692974017 ,0.9669495464145215 ,3.9195086430441655 ,6.905579893513975 ,0.5478609859619645 ,-0.09047083846615367 ,-2.0024686441834856 ,-5.605384342907311 ,0.3291923549465663 ,-0.7912439080487039 ,0.9786518749440467 ,4.520942546514398 ,0.6022091535567999 ,-2.2030152429422856 ,8.999310799264546 ,8.677748958451389 ,-0.014731983443994068 ,-0.12293494537582106 ,-4.813624432666898 ,-3.452529623473362 ,-0.320301786622432 ,0.43182422906055273 ,-0.737064359428268 ,0.09830211719806581 ,0.9435672171088083 ,-1.544421288532813 ,-0.5741601163298644 ,-1.08747362922137 ,0.1394565427226495 ,-5.677154606640739 ,5.647514432361334 ,0.46249983894202495 ,2088.831787109375 ,92.0 ,
-5.101365590690279 ,0.8693867662640831 ,0.3381034522653097 ,-0.1966483975347526 ,-0.318541692974017 ,2.753569373695086 ,1.8932781166985841 ,4.023923413872701 ,0.5478609859619645 ,-0.09047083846615367 ,-2.0024686441834856 ,-6.931644399509079 ,-2.9212928178097815 ,-0.7912439080487039 ,0.9786518749440467 ,4.520942546514398 ,0.6022091535567999 ,-2.2030152429422856 ,8.999310799264546 ,8.677748958451389 ,-0.014731983443994068 ,1.0385357221588642 ,0.18462635360642743 ,-3.452529623473362 ,-0.320301786622432 ,0.43182422906055273 ,-0.737064359428268 ,0.09830211719806581 ,0.9435672171088083 ,-1.544421288532813 ,-0.5741601163298644 ,-1.08747362922137 ,0.1394565427226495 ,-5.677154606640739 ,5.647514432361334 ,0.46249983894202495 ,1739.1744384765625 ,90.0 ,
-5.101365590690279 ,-1.800902424593869 ,0.3381034522653097 ,-0.7356960792410387 ,0.7790265461834722 ,2.846597272129504 ,3.9195086430441655 ,4.907053340957015 ,0.5478609859619645 ,-0.09047083846615367 ,-2.0024686441834856 ,-5.605384342907311 ,-2.9212928178097815 ,-0.7912439080487039 ,0.9786518749440467 ,4.520942546514398 ,0.6022091535567999 ,-7.086233332723796 ,8.999310799264546 ,8.677748958451389 ,-0.014731983443994068 ,1.6788891719941312 ,-4.813624432666898 ,-4.115544183681721 ,-0.320301786622432 ,0.43182422906055273 ,-0.737064359428268 ,0.09830211719806581 ,0.9435672171088083 ,-0.9826923007174766 ,-0.5741601163298644 ,-4.248898978101805 ,0.1394565427226495 ,-10.736336723024795 ,5.647514432361334 ,0.46249983894202495 ,1711.4453125 ,88.0 ,
-5.101365590690279 ,-1.800902424593869 ,0.3381034522653097 ,-0.7356960792410387 ,0.7790265461834722 ,2.846597272129504 ,3.9195086430441655 ,4.907053340957015 ,0.5478609859619645 ,-0.09047083846615367 ,-2.0024686441834856 ,-5.605384342907311 ,-2.9212928178097815 ,-0.7912439080487039 ,0.9786518749440467 ,4.520942546514398 ,0.6022091535567999 ,-2.2030152429422856 ,8.999310799264546 ,8.677748958451389 ,-0.014731983443994068 ,1.0385357221588642 ,-4.813624432666898 ,-0.7076733403520179 ,-0.320301786622432 ,0.43182422906055273 ,-0.737064359428268 ,0.09830211719806581 ,0.9435672171088083 ,-1.544421288532813 ,-0.5741601163298644 ,-1.08747362922137 ,-3.3178729923703814 ,-5.677154606640739 ,5.647514432361334 ,0.46249983894202495 ,1695.5941162109375 ,89.0 ,
-5.101365590690279 ,0.8693867662640831 ,0.3381034522653097 ,-0.7356960792410387 ,0.7659354859432776 ,0.9669495464145215 ,3.9195086430441655 ,4.023923413872701 ,0.5478609859619645 ,-0.09047083846615367 ,-2.0024686441834856 ,-5.605384342907311 ,0.4777113106843771 ,-0.7912439080487039 ,0.9786518749440467 ,4.520942546514398 ,-0.8873478785727893 ,-2.2030152429422856 ,12.95226641319541 ,8.677748958451389 ,-0.014731983443994068 ,1.0385357221588642 ,-4.813624432666898 ,-3.452529623473362 ,-0.320301786622432 ,0.43182422906055273 ,-0.737064359428268 ,0.09830211719806581 ,0.9435672171088083 ,-0.9826923007174766 ,-0.5741601163298644 ,-4.248898978101805 ,0.1394565427226495 ,-6.430076702256846 ,5.647514432361334 ,0.46249983894202495 ,1695.423828125 ,87.0 ,
-5.101365590690279 ,0.8693867662640831 ,0.3381034522653097 ,-0.7356960792410387 ,-0.318541692974017 ,2.846597272129504 ,3.9195086430441655 ,4.023923413872701 ,0.5478609859619645 ,-0.09047083846615367 ,-2.0024686441834856 ,-5.605384342907311 ,-2.9212928178097815 ,-0.7912439080487039 ,0.9786518749440467 ,4.520942546514398 ,-0.8873478785727893 ,-2.2030152429422856 ,12.95226641319541 ,8.677748958451389 ,-0.014731983443994068 ,1.0385357221588642 ,-4.813624432666898 ,-3.452529623473362 ,-0.320301786622432 ,0.43182422906055273 ,-0.737064359428268 ,0.09830211719806581 ,0.9435672171088083 ,-5.173497204029107 ,-0.5741601163298644 ,-3.4545811933649206 ,0.1394565427226495 ,-0.014288993242093095 ,4.3474658282314245 ,0.5425737397634629 ,1690.6702880859375 ,91.0 ,
-5.6306122785113075 ,0.8693867662640831 ,0.3381034522653097 ,-0.7356960792410387 ,-0.318541692974017 ,2.846597272129504 ,3.9195086430441655 ,4.023923413872701 ,0.5478609859619645 ,-0.09047083846615367 ,-2.0024686441834856 ,-5.605384342907311 ,-2.9212928178097815 ,3.5087343139704212 ,5.889384518510941 ,4.520942546514398 ,-4.803545714783194 ,1.547583301979081 ,16.26521868880674 ,8.677748958451389 ,-0.014731983443994068 ,1.0385357221588642 ,-5.267574262960128 ,-3.452529623473362 ,1.7130486695606175 ,0.43182422906055273 ,-0.737064359428268 ,0.09830211719806581 ,5.256000745053481 ,-5.173497204029107 ,-0.5741601163298644 ,-5.192371296080269 ,0.1394565427226495 ,-0.014288993242093095 ,4.3474658282314245 ,0.5425737397634629 ,1346.3096923828125 ,84.0 ,
-5.101365590690279 ,1.9826175316370598 ,0.3381034522653097 ,-0.7356960792410387 ,-0.318541692974017 ,0.9669495464145215 ,3.9195086430441655 ,4.023923413872701 ,0.5478609859619645 ,-0.09047083846615367 ,-2.0024686441834856 ,-5.605384342907311 ,-2.9212928178097815 ,-0.7912439080487039 ,5.974450800028155 ,4.520942546514398 ,-4.803545714783194 ,-0.1508528037017074 ,16.26521868880674 ,8.677748958451389 ,-0.014731983443994068 ,1.0385357221588642 ,-4.923543039430508 ,-3.948383156700614 ,1.7130486695606175 ,0.43182422906055273 ,-0.737064359428268 ,0.09830211719806581 ,0.9435672171088083 ,-5.173497204029107 ,-0.5741601163298644 ,-2.0737818226251403 ,0.1394565427226495 ,-0.014288993242093095 ,4.3474658282314245 ,-0.04055232001105069 ,1346.3096923828125 ,85.0 ,
-5.101365590690279 ,0.8693867662640831 ,0.3381034522653097 ,-0.7356960792410387 ,-1.6954869178098375 ,0.9669495464145215 ,3.9195086430441655 ,4.023923413872701 ,0.5478609859619645 ,-0.09047083846615367 ,-4.616743569358733 ,-5.605384342907311 ,-2.9212928178097815 ,-0.7912439080487039 ,0.9786518749440467 ,4.520942546514398 ,-0.8873478785727893 ,-2.2030152429422856 ,12.95226641319541 ,8.677748958451389 ,2.6642318146482493 ,1.6788891719941312 ,-4.813624432666898 ,-4.115544183681721 ,-0.320301786622432 ,0.43182422906055273 ,-0.737064359428268 ,0.09830211719806581 ,0.9435672171088083 ,-0.9826923007174766 ,-0.5741601163298644 ,-7.099537995502663 ,0.1394565427226495 ,-6.430076702256846 ,5.647514432361334 ,0.46249983894202495 ,1330.9527587890625 ,86.0 ,
-5.101365590690279 ,-1.0096268748485548 ,0.3381034522653097 ,-0.7356960792410387 ,-0.318541692974017 ,2.846597272129504 ,3.9195086430441655 ,4.023923413872701 ,0.5478609859619645 ,-0.09047083846615367 ,-2.0024686441834856 ,-5.605384342907311 ,-2.9212928178097815 ,-0.7912439080487039 ,5.889384518510941 ,4.520942546514398 ,2.6493017280184232 ,-2.2030152429422856 ,8.999310799264546 ,8.677748958451389 ,-0.014731983443994068 ,1.0385357221588642 ,-4.813624432666898 ,-0.7076733403520179 ,-0.320301786622432 ,0.43182422906055273 ,-0.737064359428268 ,-4.871160706673244 ,0.9435672171088083 ,-4.754279078359112 ,-0.5741601163298644 ,-1.08747362922137 ,0.1394565427226495 ,-5.677154606640739 ,5.647514432361334 ,0.46249983894202495 ,1180.4378662109375 ,80.0 ,
-5.101365590690279 ,2.9756140009319276 ,0.3381034522653097 ,-0.7356960792410387 ,-0.318541692974017 ,2.846597272129504 ,3.9195086430441655 ,4.023923413872701 ,0.5478609859619645 ,1.4392505874039538 ,-2.0024686441834856 ,-5.605384342907311 ,-2.9212928178097815 ,-0.7912439080487039 ,5.889384518510941 ,4.520942546514398 ,0.6022091535567999 ,-2.2030152429422856 ,8.999310799264546 ,8.677748958451389 ,-0.014731983443994068 ,1.0385357221588642 ,-7.379314691126835 ,-0.7076733403520179 ,-0.320301786622432 ,0.43182422906055273 ,-0.737064359428268 ,0.09830211719806581 ,0.9435672171088083 ,-5.173497204029107 ,-0.5741601163298644 ,-5.192371296080269 ,-3.02716181789 ,-0.014288993242093095 ,4.3474658282314245 ,0.5425737397634629 ,1147.7906494140625 ,83.0 ,
-8.887832517778596 ,0.8693867662640831 ,0.3381034522653097 ,-0.7356960792410387 ,-2.455099054968264 ,2.846597272129504 ,0.9247902088936235 ,3.015973496923017 ,5.0483246476399195 ,-0.09047083846615367 ,-2.0024686441834856 ,-2.3182335150904776 ,-2.9212928178097815 ,-0.7912439080487039 ,0.9786518749440467 ,4.520942546514398 ,0.6022091535567999 ,-2.2030152429422856 ,8.999310799264546 ,8.677748958451389 ,-0.014731983443994068 ,1.0385357221588642 ,-4.813624432666898 ,-5.479317034014406 ,-0.320301786622432 ,0.43182422906055273 ,-0.737064359428268 ,0.09830211719806581 ,0.9435672171088083 ,-1.544421288532813 ,-0.5741601163298644 ,-1.08747362922137 ,0.1394565427226495 ,-5.677154606640739 ,5.647514432361334 ,0.46249983894202495 ,1096.80810546875 ,79.0 ,
-5.101365590690279 ,0.8693867662640831 ,0.3381034522653097 ,-0.7356960792410387 ,-0.318541692974017 ,2.846597272129504 ,3.9195086430441655 ,4.023923413872701 ,0.5478609859619645 ,2.872285609637872 ,-2.0024686441834856 ,-4.246571965477572 ,0.43629086296304864 ,-0.42774838636800716 ,4.213440834846086 ,1.260838409082877 ,-1.376388519393341 ,-0.3657059204123059 ,3.5337741323214464 ,2.225611699079441 ,-0.014731983443994068 ,-0.7727237458077696 ,-1.9612285265023603 ,1.1135061702334383 ,-0.320301786622432 ,0.43182422906055273 ,-0.737064359428268 ,0.09830211719806581 ,0.9435672171088083 ,-0.9826923007174766 ,-0.5741601163298644 ,-0.442842282712544 ,-0.6049228222836867 ,-2.590033364026696 ,5.647514432361334 ,0.46249983894202495 ,1088.5621337890625 ,81.0 ,
-5.101365590690279 ,0.8693867662640831 ,0.3381034522653097 ,-0.7356960792410387 ,-0.318541692974017 ,3.351106572961779 ,3.9195086430441655 ,4.023923413872701 ,0.5478609859619645 ,4.7887315721985875 ,-2.0024686441834856 ,-1.6471995856386892 ,-2.9212928178097815 ,-0.7912439080487039 ,0.9786518749440467 ,4.520942546514398 ,0.6022091535567999 ,-2.2030152429422856 ,11.127421676322616 ,8.677748958451389 ,-0.014731983443994068 ,1.0385357221588642 ,-4.813624432666898 ,-3.452529623473362 ,-0.320301786622432 ,0.43182422906055273 ,-0.737064359428268 ,0.09830211719806581 ,0.9435672171088083 ,-6.316581223456923 ,-0.5741601163298644 ,-5.192371296080269 ,0.1394565427226495 ,-0.014288993242093095 ,6.381167985174095 ,-0.8927132755882632 ,1086.8089599609375 ,82.0 ,
-9.075567782972334 ,0.8693867662640831 ,0.3381034522653097 ,-0.7356960792410387 ,-2.704565271724102 ,2.846597272129504 ,0.9247902088936235 ,0.8025059725568819 ,2.907841044924697 ,-0.09047083846615367 ,-2.0024686441834856 ,-0.7955338812746697 ,-0.9931990330009473 ,-0.7912439080487039 ,0.9786518749440467 ,4.520942546514398 ,-0.8873478785727893 ,-2.2030152429422856 ,8.999310799264546 ,8.677748958451389 ,-0.014731983443994068 ,5.533519105796797 ,-4.813624432666898 ,-0.7076733403520179 ,-0.320301786622432 ,0.35353585577574775 ,-0.737064359428268 ,0.09830211719806581 ,0.9435672171088083 ,-1.544421288532813 ,-0.5741601163298644 ,-1.08747362922137 ,0.1394565427226495 ,-5.677154606640739 ,5.647514432361334 ,0.46249983894202495 ,1077.6611328125 ,78.0 ,
-5.101365590690279 ,0.8693867662640831 ,0.3381034522653097 ,-0.7356960792410387 ,-0.318541692974017 ,2.846597272129504 ,0.9247902088936235 ,0.8025059725568819 ,2.907841044924697 ,-0.09047083846615367 ,-2.0024686441834856 ,-0.7955338812746697 ,-0.9931990330009473 ,3.746995419837599 ,0.9786518749440467 ,3.9952614605713954 ,-0.8873478785727893 ,-0.3657059204123059 ,8.999310799264546 ,8.677748958451389 ,1.248033037151146 ,1.0385357221588642 ,-4.813624432666898 ,-3.452529623473362 ,-0.320301786622432 ,0.43182422906055273 ,-0.737064359428268 ,0.09830211719806581 ,0.9435672171088083 ,-1.544421288532813 ,-0.5741601163298644 ,-1.08747362922137 ,1.5750291198892634 ,-5.677154606640739 ,5.647514432361334 ,4.526463046703945 ,1064.74755859375 ,77.0 ,
-5.101365590690279 ,0.8693867662640831 ,0.3381034522653097 ,-0.7356960792410387 ,-0.318541692974017 ,2.846597272129504 ,0.9247902088936235 ,0.8025059725568819 ,-5.041151559336593 ,-1.160584249894613 ,-2.0024686441834856 ,-0.7955338812746697 ,-0.9931990330009473 ,2.7015244526115603 ,0.9786518749440467 ,1.0768537566462988 ,-3.700048896440211 ,-0.3657059204123059 ,8.999310799264546 ,3.7979672563769045 ,-0.014731983443994068 ,1.0385357221588642 ,-4.813624432666898 ,0.2633353099627671 ,-0.320301786622432 ,0.43182422906055273 ,-0.737064359428268 ,0.09830211719806581 ,0.9435672171088083 ,-0.9826923007174766 ,-2.73251803286326 ,-0.442842282712544 ,0.1394565427226495 ,-0.014288993242093095 ,4.3474658282314245 ,0.5425737397634629 ,1063.85546875 ,74.0 ,
-9.075567782972334 ,0.8693867662640831 ,0.3381034522653097 ,-0.7356960792410387 ,-2.455099054968264 ,7.550024001354451 ,0.9247902088936235 ,0.8025059725568819 ,-5.041151559336593 ,-0.09047083846615367 ,-2.0024686441834856 ,-0.7955338812746697 ,-0.9931990330009473 ,-0.7912439080487039 ,0.9786518749440467 ,1.0768537566462988 ,-0.8873478785727893 ,-0.3657059204123059 ,8.999310799264546 ,3.7979672563769045 ,-0.014731983443994068 ,1.0385357221588642 ,-4.813624432666898 ,-3.452529623473362 ,-0.320301786622432 ,0.43182422906055273 ,-0.737064359428268 ,0.09830211719806581 ,0.9435672171088083 ,-0.9826923007174766 ,-2.73251803286326 ,-0.442842282712544 ,0.1394565427226495 ,-0.014288993242093095 ,5.647514432361334 ,0.46249983894202495 ,1061.2862548828125 ,76.0 ,
-9.075567782972334 ,0.8693867662640831 ,0.3381034522653097 ,-0.7356960792410387 ,-2.704565271724102 ,2.846597272129504 ,0.9247902088936235 ,0.8025059725568819 ,2.907841044924697 ,-0.09047083846615367 ,-2.0024686441834856 ,-0.7955338812746697 ,-0.9931990330009473 ,-0.7912439080487039 ,0.9786518749440467 ,4.520942546514398 ,-2.540677741435582 ,-0.3657059204123059 ,8.999310799264546 ,8.677748958451389 ,-0.014731983443994068 ,1.0385357221588642 ,-4.813624432666898 ,-3.452529623473362 ,-0.320301786622432 ,0.43182422906055273 ,-0.737064359428268 ,0.09830211719806581 ,0.9435672171088083 ,-1.544421288532813 ,-0.5741601163298644 ,-1.08747362922137 ,0.1394565427226495 ,-5.677154606640739 ,5.647514432361334 ,-0.04055232001105069 ,1053.7703857421875 ,75.0 ,
-9.075567782972334 ,0.8693867662640831 ,0.3381034522653097 ,-0.7356960792410387 ,-2.455099054968264 ,2.846597272129504 ,0.9247902088936235 ,0.8025059725568819 ,1.1296538086198895 ,-0.09047083846615367 ,-2.0024686441834856 ,-0.7955338812746697 ,-0.9931990330009473 ,-0.7912439080487039 ,0.9786518749440467 ,3.9952614605713954 ,-0.8873478785727893 ,-0.3657059204123059 ,8.999310799264546 ,8.677748958451389 ,-0.014731983443994068 ,1.0385357221588642 ,-4.813624432666898 ,-3.452529623473362 ,-0.320301786622432 ,0.43182422906055273 ,-0.737064359428268 ,0.09830211719806581 ,0.9435672171088083 ,-1.544421288532813 ,-0.5741601163298644 ,-1.08747362922137 ,0.1394565427226495 ,-5.677154606640739 ,5.647514432361334 ,-0.04055232001105069 ,1044.847900390625 ,73.0 ,
-5.101365590690279 ,0.8693867662640831 ,0.3381034522653097 ,-0.7356960792410387 ,-0.318541692974017 ,2.846597272129504 ,3.9195086430441655 ,4.023923413872701 ,-1.280943538822916 ,-0.09047083846615367 ,-2.0024686441834856 ,-5.605384342907311 ,-2.9212928178097815 ,0.3759894879737007 ,0.9786518749440467 ,3.9952614605713954 ,-0.8873478785727893 ,-0.3657059204123059 ,7.379903330286932 ,3.7979672563769045 ,-0.014731983443994068 ,1.0385357221588642 ,-4.813624432666898 ,-3.452529623473362 ,-0.320301786622432 ,0.43182422906055273 ,-0.737064359428268 ,0.09830211719806581 ,0.9435672171088083 ,-0.9826923007174766 ,-2.73251803286326 ,-0.442842282712544 ,2.949300658513399 ,-0.014288993242093095 ,4.3474658282314245 ,-2.504831127977412 ,1003.422607421875 ,72.0 ,
-5.101365590690279 ,-1.800902424593869 ,0.3381034522653097 ,-1.4841641358947948 ,0.7790265461834722 ,2.846597272129504 ,3.9195086430441655 ,4.907053340957015 ,0.5478609859619645 ,-0.09047083846615367 ,-2.0024686441834856 ,-5.605384342907311 ,-2.9212928178097815 ,-0.7912439080487039 ,0.9786518749440467 ,4.520942546514398 ,0.6022091535567999 ,-10.521713132272307 ,8.999310799264546 ,8.677748958451389 ,-0.014731983443994068 ,1.0385357221588642 ,-4.813624432666898 ,-3.452529623473362 ,-0.320301786622432 ,0.43182422906055273 ,-0.737064359428268 ,0.09830211719806581 ,0.9435672171088083 ,-6.316581223456923 ,-0.5741601163298644 ,-5.192371296080269 ,0.1394565427226495 ,-0.014288993242093095 ,6.381167985174095 ,1.187864320329323 ,962.49560546875 ,71.0 ,
-5.101365590690279 ,0.8693867662640831 ,0.3381034522653097 ,-4.189272982815013 ,-0.318541692974017 ,2.846597272129504 ,3.9195086430441655 ,4.023923413872701 ,0.5478609859619645 ,-0.09047083846615367 ,-2.0024686441834856 ,-5.605384342907311 ,-6.392607551517587 ,-0.7912439080487039 ,5.889384518510941 ,4.520942546514398 ,0.6022091535567999 ,-2.2030152429422856 ,8.999310799264546 ,12.123198056039746 ,-0.014731983443994068 ,5.166135708656803 ,-4.813624432666898 ,-0.7076733403520179 ,-0.320301786622432 ,0.43182422906055273 ,-0.737064359428268 ,0.09830211719806581 ,0.9435672171088083 ,-1.544421288532813 ,-2.3674072457728697 ,-1.08747362922137 ,0.1394565427226495 ,-0.014288993242093095 ,4.3474658282314245 ,0.5425737397634629 ,929.7380981445312 ,70.0 ,
-5.101365590690279 ,0.8693867662640831 ,0.3381034522653097 ,-0.7356960792410387 ,-0.318541692974017 ,5.1446597790314685 ,3.9195086430441655 ,4.023923413872701 ,0.5478609859619645 ,2.872285609637872 ,-2.0024686441834856 ,-4.246571965477572 ,0.43629086296304864 ,-0.42774838636800716 ,4.213440834846086 ,1.260838409082877 ,-5.6172902352332885 ,-0.3657059204123059 ,3.5337741323214464 ,2.225611699079441 ,-0.014731983443994068 ,-0.7727237458077696 ,-1.9612285265023603 ,1.1135061702334383 ,0.14784895568029 ,0.43182422906055273 ,-0.737064359428268 ,0.09830211719806581 ,0.9435672171088083 ,-0.9826923007174766 ,-0.5741601163298644 ,-0.442842282712544 ,-0.6049228222836867 ,-2.590033364026696 ,6.381167985174095 ,-0.8803512977515431 ,917.3709106445312 ,68.0 ,
-5.101365590690279 ,-1.800902424593869 ,0.3381034522653097 ,-0.7356960792410387 ,0.7790265461834722 ,2.846597272129504 ,3.9195086430441655 ,4.907053340957015 ,0.5478609859619645 ,-0.09047083846615367 ,-2.0024686441834856 ,-5.605384342907311 ,-2.9212928178097815 ,-0.7912439080487039 ,0.9786518749440467 ,4.520942546514398 ,0.6022091535567999 ,-7.086233332723796 ,8.999310799264546 ,3.839174049387341 ,-0.014731983443994068 ,1.6788891719941312 ,-4.813624432666898 ,-4.115544183681721 ,-0.320301786622432 ,0.43182422906055273 ,-0.737064359428268 ,-0.6202419907609069 ,0.9435672171088083 ,-0.9826923007174766 ,-0.5741601163298644 ,-4.248898978101805 ,0.1394565427226495 ,-2.590033364026696 ,6.381167985174095 ,-0.8803512977515431 ,906.74560546875 ,67.0 ,
-9.858341211382317 ,0.8693867662640831 ,0.3381034522653097 ,-0.7356960792410387 ,-1.6954869178098375 ,-1.8810349313161814 ,0.43592506451765756 ,4.023923413872701 ,0.5478609859619645 ,-0.09047083846615367 ,-2.0024686441834856 ,-5.605384342907311 ,-2.9212928178097815 ,-0.7912439080487039 ,0.9786518749440467 ,4.520942546514398 ,-0.8873478785727893 ,-2.2030152429422856 ,12.95226641319541 ,8.677748958451389 ,-0.014731983443994068 ,1.0385357221588642 ,-4.813624432666898 ,-3.452529623473362 ,-0.320301786622432 ,0.43182422906055273 ,-0.737064359428268 ,0.09830211719806581 ,2.933055323815047 ,-6.316581223456923 ,-0.5741601163298644 ,-5.192371296080269 ,0.1394565427226495 ,-5.677154606640739 ,5.647514432361334 ,0.46249983894202495 ,856.2330932617188 ,69.0 ,
-9.075567782972334 ,0.8693867662640831 ,0.3381034522653097 ,-0.7356960792410387 ,-2.704565271724102 ,2.846597272129504 ,0.9247902088936235 ,0.8025059725568819 ,2.907841044924697 ,-0.09047083846615367 ,-2.0024686441834856 ,-0.7955338812746697 ,-0.9931990330009473 ,-0.7912439080487039 ,0.9786518749440467 ,4.520942546514398 ,-0.8873478785727893 ,-0.3657059204123059 ,8.999310799264546 ,3.7979672563769045 ,-0.014731983443994068 ,1.0385357221588642 ,-4.813624432666898 ,-3.452529623473362 ,4.322876968482868 ,0.43182422906055273 ,-0.737064359428268 ,0.09830211719806581 ,0.9435672171088083 ,-0.9826923007174766 ,-0.5741601163298644 ,-4.248898978101805 ,0.1394565427226495 ,-6.430076702256846 ,5.647514432361334 ,0.46249983894202495 ,744.8770141601562 ,65.0 ,
-9.075567782972334 ,0.8693867662640831 ,0.3381034522653097 ,-0.7356960792410387 ,-2.455099054968264 ,4.13790764057828 ,0.956602019155989 ,0.8025059725568819 ,9.619056525668082 ,-0.09047083846615367 ,-2.0024686441834856 ,-0.7955338812746697 ,2.922046361838939 ,-0.7912439080487039 ,-1.7176814324835874 ,4.520942546514398 ,0.19611182572955155 ,-0.3657059204123059 ,9.245291408567537 ,8.677748958451389 ,-0.014731983443994068 ,-0.5551555156505428 ,-4.813624432666898 ,-0.3307636619995873 ,-0.320301786622432 ,0.43182422906055273 ,-0.737064359428268 ,-3.0384712463146824 ,0.9435672171088083 ,-1.544421288532813 ,-0.5741601163298644 ,-1.08747362922137 ,0.1394565427226495 ,-5.677154606640739 ,5.647514432361334 ,0.46249983894202495 ,741.7977905273438 ,66.0 ,
-6.819048875997663 ,0.8693867662640831 ,0.3381034522653097 ,-0.7356960792410387 ,-0.318541692974017 ,2.846597272129504 ,3.9195086430441655 ,4.023923413872701 ,0.5478609859619645 ,-0.09047083846615367 ,-2.0024686441834856 ,-7.328941170128913 ,-2.9212928178097815 ,-0.7912439080487039 ,5.889384518510941 ,4.520942546514398 ,0.6022091535567999 ,4.326285611311078 ,6.379452789280797 ,3.7979672563769045 ,-0.014731983443994068 ,1.0385357221588642 ,-4.813624432666898 ,-3.452529623473362 ,4.322876968482868 ,0.43182422906055273 ,-0.737064359428268 ,0.09830211719806581 ,0.9435672171088083 ,-0.9826923007174766 ,-2.73251803286326 ,-0.442842282712544 ,0.1394565427226495 ,-0.014288993242093095 ,4.3474658282314245 ,0.5425737397634629 ,689.084716796875 ,63.0 ,
-5.101365590690279 ,0.8693867662640831 ,0.3381034522653097 ,-0.7356960792410387 ,-0.318541692974017 ,2.846597272129504 ,3.9195086430441655 ,4.023923413872701 ,0.5478609859619645 ,-0.09047083846615367 ,-2.0024686441834856 ,-5.605384342907311 ,-2.9212928178097815 ,-0.7912439080487039 ,5.889384518510941 ,5.474285797916835 ,1.0868960195838564 ,-2.2030152429422856 ,8.999310799264546 ,8.677748958451389 ,-0.014731983443994068 ,1.0385357221588642 ,-4.813624432666898 ,-0.7076733403520179 ,-0.320301786622432 ,0.43182422906055273 ,-0.737064359428268 ,0.09830211719806581 ,0.9435672171088083 ,-0.9826923007174766 ,-2.73251803286326 ,-0.442842282712544 ,0.1394565427226495 ,-0.014288993242093095 ,4.3474658282314245 ,1.3834582028349358 ,568.2949829101562 ,60.0 ,
-5.101365590690279 ,0.8693867662640831 ,0.3381034522653097 ,-0.7356960792410387 ,-0.318541692974017 ,2.846597272129504 ,3.9195086430441655 ,4.023923413872701 ,0.5478609859619645 ,4.7887315721985875 ,-2.0024686441834856 ,-5.605384342907311 ,-2.9212928178097815 ,-0.7912439080487039 ,0.9786518749440467 ,4.520942546514398 ,0.6022091535567999 ,-2.2030152429422856 ,8.999310799264546 ,3.7979672563769045 ,-0.014731983443994068 ,1.0385357221588642 ,-4.813624432666898 ,-3.452529623473362 ,-0.320301786622432 ,0.43182422906055273 ,-0.737064359428268 ,0.09830211719806581 ,0.9435672171088083 ,-0.9826923007174766 ,-2.73251803286326 ,-0.442842282712544 ,2.949300658513399 ,-0.014288993242093095 ,4.3474658282314245 ,-2.504831127977412 ,558.2835693359375 ,59.0 ,
-5.101365590690279 ,0.8693867662640831 ,0.3381034522653097 ,-0.7356960792410387 ,-0.318541692974017 ,2.846597272129504 ,2.264868171911071 ,0.6810796775567942 ,0.5478609859619645 ,-0.09047083846615367 ,-2.0024686441834856 ,-0.7955338812746697 ,-0.9931990330009473 ,-0.7912439080487039 ,0.9786518749440467 ,3.9952614605713954 ,-0.8873478785727893 ,1.7777764341554014 ,8.999310799264546 ,3.7979672563769045 ,-0.014731983443994068 ,5.012342840538196 ,-4.813624432666898 ,-3.452529623473362 ,-0.320301786622432 ,0.43182422906055273 ,-0.737064359428268 ,0.09830211719806581 ,0.9435672171088083 ,-0.9826923007174766 ,-2.73251803286326 ,-0.442842282712544 ,0.1394565427226495 ,-0.014288993242093095 ,4.3474658282314245 ,-0.04055232001105069 ,500.9017639160156 ,58.0 ,
-5.101365590690279 ,-0.11086378748458747 ,0.3381034522653097 ,-0.7356960792410387 ,-0.318541692974017 ,-0.5743932734030777 ,3.911650429542341 ,4.023923413872701 ,0.5478609859619645 ,-0.09047083846615367 ,-2.0024686441834856 ,-1.446998111998532 ,-2.9212928178097815 ,-0.7912439080487039 ,5.889384518510941 ,4.520942546514398 ,0.6022091535567999 ,-2.2030152429422856 ,6.400819705629086 ,8.677748958451389 ,-0.014731983443994068 ,-1.0616053935845025 ,-4.813624432666898 ,-0.7076733403520179 ,-0.320301786622432 ,0.43182422906055273 ,-0.737064359428268 ,0.09830211719806581 ,0.9435672171088083 ,-1.544421288532813 ,-0.5741601163298644 ,-1.08747362922137 ,0.1394565427226495 ,-4.95665963674423 ,5.647514432361334 ,0.46249983894202495 ,475.2840270996094 ,61.0 ,
-5.101365590690279 ,-1.800902424593869 ,0.3381034522653097 ,-0.7356960792410387 ,0.7790265461834722 ,2.846597272129504 ,3.9195086430441655 ,4.907053340957015 ,2.9642241322741727 ,-0.09047083846615367 ,-2.0861904598478302 ,-5.605384342907311 ,-2.9212928178097815 ,-0.7912439080487039 ,0.9786518749440467 ,4.520942546514398 ,0.6022091535567999 ,-6.8344996654054135 ,5.8809654276320105 ,8.677748958451389 ,-0.014731983443994068 ,1.0385357221588642 ,-3.0904295006234728 ,-3.452529623473362 ,1.7130486695606175 ,0.43182422906055273 ,-0.737064359428268 ,0.09830211719806581 ,0.9435672171088083 ,-5.173497204029107 ,-0.5741601163298644 ,-5.192371296080269 ,0.1394565427226495 ,-0.014288993242093095 ,4.3474658282314245 ,0.5425737397634629 ,472.7198181152344 ,50.0 ,
-5.101365590690279 ,0.8693867662640831 ,0.3381034522653097 ,-0.7356960792410387 ,1.385348996345639 ,2.753569373695086 ,3.9195086430441655 ,4.023923413872701 ,0.5478609859619645 ,-0.09047083846615367 ,-2.0024686441834856 ,-5.605384342907311 ,-2.9212928178097815 ,-0.7912439080487039 ,0.9786518749440467 ,4.520942546514398 ,-0.8873478785727893 ,-2.2030152429422856 ,12.95226641319541 ,8.677748958451389 ,-0.014731983443994068 ,1.0385357221588642 ,-4.813624432666898 ,-3.452529623473362 ,-0.320301786622432 ,0.43182422906055273 ,-0.737064359428268 ,0.09830211719806581 ,0.9435672171088083 ,-5.173497204029107 ,-0.5741601163298644 ,-5.192371296080269 ,0.1394565427226495 ,-0.014288993242093095 ,4.3474658282314245 ,0.46249983894202495 ,465.5357666015625 ,57.0 ,
-9.075567782972334 ,0.8693867662640831 ,0.3381034522653097 ,-0.7356960792410387 ,-2.455099054968264 ,6.1728254608403565 ,0.9247902088936235 ,0.8025059725568819 ,2.907841044924697 ,-3.136520164160949 ,-3.6704198368038385 ,-0.7955338812746697 ,-0.9931990330009473 ,1.9979532176672568 ,0.9786518749440467 ,3.2726079800990684 ,-4.246552400390451 ,-0.3657059204123059 ,8.999310799264546 ,8.677748958451389 ,1.248033037151146 ,1.0385357221588642 ,-4.813624432666898 ,-3.452529623473362 ,-0.320301786622432 ,0.43182422906055273 ,-0.737064359428268 ,0.09830211719806581 ,0.9435672171088083 ,-1.544421288532813 ,-0.5741601163298644 ,-1.08747362922137 ,0.1394565427226495 ,-5.677154606640739 ,5.647514432361334 ,0.46249983894202495 ,465.0672302246094 ,62.0 ,
-5.101365590690279 ,0.8693867662640831 ,0.3381034522653097 ,-4.021601221636008 ,-0.318541692974017 ,2.846597272129504 ,3.9195086430441655 ,0.015079566091105612 ,0.5478609859619645 ,6.443128245562493 ,-2.0024686441834856 ,-5.605384342907311 ,-2.9212928178097815 ,-0.7912439080487039 ,-3.0820813554448123 ,4.520942546514398 ,0.6022091535567999 ,-2.2030152429422856 ,8.999310799264546 ,8.677748958451389 ,-0.014731983443994068 ,1.0385357221588642 ,-4.813624432666898 ,-3.452529623473362 ,-0.320301786622432 ,0.43182422906055273 ,-0.737064359428268 ,0.09830211719806581 ,0.9435672171088083 ,-1.544421288532813 ,-0.5741601163298644 ,-1.08747362922137 ,0.1394565427226495 ,-5.677154606640739 ,5.647514432361334 ,0.5425737397634629 ,456.7290954589844 ,56.0 ,
-5.101365590690279 ,0.8693867662640831 ,0.3381034522653097 ,-0.7356960792410387 ,-0.318541692974017 ,2.846597272129504 ,3.9195086430441655 ,4.023923413872701 ,-0.16947046668608112 ,-0.09047083846615367 ,-2.0024686441834856 ,-5.605384342907311 ,-2.9212928178097815 ,-0.7912439080487039 ,0.9786518749440467 ,4.520942546514398 ,0.6022091535567999 ,-2.2030152429422856 ,8.999310799264546 ,12.576936729662346 ,-0.014731983443994068 ,1.0385357221588642 ,-4.813624432666898 ,-0.3307636619995873 ,-0.320301786622432 ,0.43182422906055273 ,-5.451332470559911 ,0.09830211719806581 ,0.9435672171088083 ,-1.544421288532813 ,-0.5741601163298644 ,-1.08747362922137 ,0.1394565427226495 ,-10.251917392930956 ,5.647514432361334 ,0.46249983894202495 ,455.70556640625 ,55.0 ,
-9.075567782972334 ,0.8693867662640831 ,0.3381034522653097 ,-0.7356960792410387 ,-2.455099054968264 ,2.846597272129504 ,0.9247902088936235 ,0.8025059725568819 ,0.5478609859619645 ,1.0068567970335016 ,-2.0024686441834856 ,-5.605384342907311 ,-2.9212928178097815 ,-5.061414494557663 ,5.889384518510941 ,4.520942546514398 ,0.8476273584577334 ,-2.2030152429422856 ,8.999310799264546 ,8.677748958451389 ,-0.014731983443994068 ,5.624507584488361 ,-4.813624432666898 ,-0.7076733403520179 ,-0.320301786622432 ,0.43182422906055273 ,-0.737064359428268 ,0.09830211719806581 ,0.9435672171088083 ,-1.544421288532813 ,-0.5741601163298644 ,-1.08747362922137 ,0.1394565427226495 ,-5.677154606640739 ,5.647514432361334 ,-1.4502798359643814 ,450.2864990234375 ,52.0 ,
-5.101365590690279 ,-1.800902424593869 ,0.3381034522653097 ,-0.7356960792410387 ,0.7790265461834722 ,2.890182549207526 ,0.9247902088936235 ,0.8025059725568819 ,5.0483246476399195 ,-0.09047083846615367 ,-2.0024686441834856 ,-0.7955338812746697 ,-0.9931990330009473 ,-0.7912439080487039 ,0.9786518749440467 ,3.9952614605713954 ,-0.8873478785727893 ,-0.3657059204123059 ,8.999310799264546 ,3.7979672563769045 ,-0.014731983443994068 ,5.012342840538196 ,-4.256096036537115 ,-3.452529623473362 ,-0.320301786622432 ,0.43182422906055273 ,-0.737064359428268 ,0.09830211719806581 ,0.9435672171088083 ,-0.9826923007174766 ,-2.73251803286326 ,-0.442842282712544 ,0.1394565427226495 ,-0.014288993242093095 ,4.3474658282314245 ,1.666618921099013 ,450.2864990234375 ,51.0 ,
-6.749886633748413 ,0.8693867662640831 ,0.3381034522653097 ,-0.7356960792410387 ,-2.455099054968264 ,2.846597272129504 ,0.9247902088936235 ,0.8025059725568819 ,5.0483246476399195 ,-0.09047083846615367 ,-2.0024686441834856 ,-0.7955338812746697 ,-0.9931990330009473 ,-0.7912439080487039 ,0.9786518749440467 ,4.520942546514398 ,0.6022091535567999 ,-2.2030152429422856 ,8.999310799264546 ,11.66774570568662 ,-0.014731983443994068 ,1.0385357221588642 ,-4.813624432666898 ,-3.452529623473362 ,-0.320301786622432 ,0.43182422906055273 ,-0.737064359428268 ,0.09830211719806581 ,0.9435672171088083 ,-1.544421288532813 ,-4.704149053841631 ,-1.08747362922137 ,0.1394565427226495 ,-8.362524557285187 ,5.647514432361334 ,-0.04055232001105069 ,446.186767578125 ,54.0 ,
-5.101365590690279 ,0.8693867662640831 ,0.3381034522653097 ,-0.7356960792410387 ,-0.318541692974017 ,2.846597272129504 ,3.9195086430441655 ,4.023923413872701 ,0.5478609859619645 ,4.7887315721985875 ,-2.0024686441834856 ,-5.605384342907311 ,-2.9212928178097815 ,-0.7912439080487039 ,0.9786518749440467 ,6.361359609568925 ,0.6022091535567999 ,-2.2030152429422856 ,8.999310799264546 ,3.7979672563769045 ,-0.014731983443994068 ,1.0385357221588642 ,-4.813624432666898 ,-3.452529623473362 ,4.322876968482868 ,0.43182422906055273 ,-0.737064359428268 ,0.09830211719806581 ,0.9435672171088083 ,-0.9826923007174766 ,-3.314938971357157 ,-0.442842282712544 ,0.1394565427226495 ,-0.014288993242093095 ,4.3474658282314245 ,0.5425737397634629 ,443.6348571777344 ,48.0 ,
-5.101365590690279 ,0.8693867662640831 ,0.9428505458087948 ,-0.7356960792410387 ,-0.318541692974017 ,2.846597272129504 ,3.9195086430441655 ,4.023923413872701 ,0.5478609859619645 ,-0.09047083846615367 ,-2.0024686441834856 ,-5.605384342907311 ,-2.9212928178097815 ,-0.7912439080487039 ,0.9786518749440467 ,4.520942546514398 ,0.6022091535567999 ,-2.2030152429422856 ,8.999310799264546 ,8.677748958451389 ,-0.014731983443994068 ,1.0385357221588642 ,-4.813624432666898 ,-3.452529623473362 ,-0.320301786622432 ,0.43182422906055273 ,-5.016261057407063 ,0.09830211719806581 ,0.9435672171088083 ,-1.544421288532813 ,-0.5741601163298644 ,-1.08747362922137 ,0.5325719615871043 ,-5.677154606640739 ,5.647514432361334 ,0.05811327067655592 ,443.30810546875 ,53.0 ,
-5.101365590690279 ,0.8693867662640831 ,0.3381034522653097 ,-0.7356960792410387 ,-0.318541692974017 ,2.846597272129504 ,3.9195086430441655 ,4.023923413872701 ,0.5478609859619645 ,-0.09047083846615367 ,-2.0024686441834856 ,-5.605384342907311 ,-2.9212928178097815 ,-0.7912439080487039 ,5.974450800028155 ,4.520942546514398 ,-4.803545714783194 ,-0.1508528037017074 ,16.26521868880674 ,8.677748958451389 ,-3.6692745964035245 ,1.0385357221588642 ,-4.923543039430508 ,-3.452529623473362 ,1.7130486695606175 ,0.43182422906055273 ,-4.845375093159817 ,0.09830211719806581 ,0.9435672171088083 ,-6.250548619643549 ,-0.5741601163298644 ,-5.192371296080269 ,0.1394565427226495 ,-0.014288993242093095 ,4.3474658282314245 ,0.5425737397634629 ,441.6117858886719 ,47.0 ,
-5.101365590690279 ,0.8693867662640831 ,0.3381034522653097 ,-0.7356960792410387 ,-0.318541692974017 ,2.846597272129504 ,3.9195086430441655 ,4.023923413872701 ,0.5478609859619645 ,2.533609061952203 ,-2.0024686441834856 ,-5.605384342907311 ,1.1006515695573786 ,-0.7912439080487039 ,5.889384518510941 ,4.520942546514398 ,0.6022091535567999 ,-2.2030152429422856 ,8.999310799264546 ,8.677748958451389 ,-0.014731983443994068 ,1.0385357221588642 ,-4.813624432666898 ,-0.7076733403520179 ,-0.320301786622432 ,0.43182422906055273 ,-0.737064359428268 ,-3.8514135156185403 ,0.9435672171088083 ,-1.544421288532813 ,-0.5741601163298644 ,-1.08747362922137 ,0.1394565427226495 ,2.6227239747623323 ,6.381167985174095 ,-0.8927132755882632 ,433.47650146484375 ,46.0 ,
-9.075567782972334 ,0.8693867662640831 ,0.3381034522653097 ,-0.7356960792410387 ,-2.704565271724102 ,2.846597272129504 ,0.9247902088936235 ,0.8025059725568819 ,2.907841044924697 ,-0.09047083846615367 ,-2.0024686441834856 ,-0.7955338812746697 ,-0.9931990330009473 ,-0.7912439080487039 ,0.9786518749440467 ,5.966280641532148 ,-0.8873478785727893 ,-0.3657059204123059 ,13.116161437475652 ,3.7979672563769045 ,-0.014731983443994068 ,1.0385357221588642 ,-2.7951556425140924 ,-3.452529623473362 ,4.322876968482868 ,0.43182422906055273 ,-0.737064359428268 ,-0.12438438609539415 ,0.9435672171088083 ,-0.9826923007174766 ,-4.384164959873804 ,-0.442842282712544 ,0.1394565427226495 ,-0.014288993242093095 ,5.647514432361334 ,0.46249983894202495 ,427.45782470703125 ,43.0 ,
-9.075567782972334 ,0.8693867662640831 ,0.3381034522653097 ,-0.7356960792410387 ,-2.455099054968264 ,2.846597272129504 ,0.9247902088936235 ,-1.171643615050698 ,-0.881412819477446 ,-0.09047083846615367 ,-2.0024686441834856 ,-0.7955338812746697 ,-0.9931990330009473 ,-3.414615975479268 ,0.9786518749440467 ,3.9952614605713954 ,-0.8873478785727893 ,-0.3657059204123059 ,8.999310799264546 ,3.7979672563769045 ,-0.014731983443994068 ,2.502356637430041 ,-4.813624432666898 ,-3.452529623473362 ,1.1473396441329877 ,0.43182422906055273 ,-0.737064359428268 ,0.09830211719806581 ,0.9435672171088083 ,-0.9826923007174766 ,-2.73251803286326 ,-0.442842282712544 ,2.949300658513399 ,-0.014288993242093095 ,4.3474658282314245 ,-2.504831127977412 ,426.47052001953125 ,41.0 ,
-6.374296790955277 ,0.8693867662640831 ,1.8930737611965536 ,-0.7356960792410387 ,-0.318541692974017 ,2.846597272129504 ,3.9195086430441655 ,4.023923413872701 ,0.5478609859619645 ,-0.09047083846615367 ,-2.0024686441834856 ,-5.605384342907311 ,-2.9212928178097815 ,-0.7912439080487039 ,0.9786518749440467 ,4.520942546514398 ,-0.8873478785727893 ,-2.2030152429422856 ,12.95226641319541 ,11.553956933203017 ,-0.014731983443994068 ,1.0385357221588642 ,-4.813624432666898 ,-3.452529623473362 ,-0.320301786622432 ,0.43182422906055273 ,-0.737064359428268 ,0.09830211719806581 ,0.9435672171088083 ,-6.316581223456923 ,-0.8126457183587561 ,-5.192371296080269 ,0.1394565427226495 ,-0.014288993242093095 ,2.940062457944275 ,-0.8927132755882632 ,416.6886901855469 ,49.0 ,
-8.41308352182693 ,0.8693867662640831 ,0.3381034522653097 ,-0.7356960792410387 ,-0.318541692974017 ,0.9669495464145215 ,3.9195086430441655 ,4.023923413872701 ,4.187917439150975 ,-0.09047083846615367 ,-6.01904636057168 ,-5.605384342907311 ,-2.9212928178097815 ,-4.402540258844862 ,0.9786518749440467 ,4.520942546514398 ,-0.8873478785727893 ,-2.2030152429422856 ,12.95226641319541 ,8.677748958451389 ,-0.014731983443994068 ,1.0385357221588642 ,-4.813624432666898 ,-3.452529623473362 ,-0.320301786622432 ,0.43182422906055273 ,-0.737064359428268 ,0.09830211719806581 ,0.9435672171088083 ,-1.544421288532813 ,-0.5741601163298644 ,-1.08747362922137 ,0.1394565427226495 ,-5.677154606640739 ,5.647514432361334 ,0.8386607969654543 ,388.6500549316406 ,42.0 ,
-5.101365590690279 ,0.8693867662640831 ,0.3381034522653097 ,-0.7356960792410387 ,-0.318541692974017 ,2.846597272129504 ,3.9195086430441655 ,4.023923413872701 ,0.5478609859619645 ,-0.09047083846615367 ,-3.6631322767005265 ,-5.605384342907311 ,-5.902381709444071 ,-0.7912439080487039 ,5.889384518510941 ,4.520942546514398 ,0.6022091535567999 ,-2.2030152429422856 ,8.999310799264546 ,8.677748958451389 ,-0.014731983443994068 ,1.0385357221588642 ,-4.813624432666898 ,-0.7076733403520179 ,-0.320301786622432 ,0.43182422906055273 ,-0.737064359428268 ,0.09830211719806581 ,0.9435672171088083 ,-1.544421288532813 ,0.34294183334518435 ,-1.08747362922137 ,0.5325719615871043 ,-5.677154606640739 ,5.647514432361334 ,0.46249983894202495 ,364.3301086425781 ,40.0 ,
-9.996419031130232 ,0.8693867662640831 ,1.6606436640864846 ,-0.7356960792410387 ,-2.455099054968264 ,7.550024001354451 ,0.9247902088936235 ,0.8025059725568819 ,-5.041151559336593 ,-0.09047083846615367 ,-3.7643180083338654 ,-0.7955338812746697 ,-0.9931990330009473 ,-0.7912439080487039 ,0.9786518749440467 ,1.0768537566462988 ,-0.8873478785727893 ,-0.3657059204123059 ,8.999310799264546 ,3.7979672563769045 ,-0.014731983443994068 ,1.0385357221588642 ,-4.813624432666898 ,-3.452529623473362 ,-0.320301786622432 ,0.43182422906055273 ,-0.737064359428268 ,0.09830211719806581 ,1.0119394379629765 ,-0.9826923007174766 ,-0.5741601163298644 ,-4.248898978101805 ,0.1394565427226495 ,-11.126519058939568 ,5.647514432361334 ,0.46249983894202495 ,357.5617370605469 ,38.0 ,
-5.497114863917229 ,0.8693867662640831 ,0.3381034522653097 ,-0.7356960792410387 ,-0.318541692974017 ,2.846597272129504 ,1.424059257845435 ,4.023923413872701 ,1.6547882907180702 ,4.7887315721985875 ,-2.0024686441834856 ,-1.6925722509723107 ,-2.9212928178097815 ,-0.7912439080487039 ,0.9786518749440467 ,4.520942546514398 ,0.6022091535567999 ,-2.2030152429422856 ,8.999310799264546 ,8.677748958451389 ,-2.0451512729682086 ,1.0385357221588642 ,-4.813624432666898 ,-3.452529623473362 ,-0.320301786622432 ,0.43182422906055273 ,-0.737064359428268 ,0.09830211719806581 ,0.9435672171088083 ,-1.544421288532813 ,-0.5741601163298644 ,-1.08747362922137 ,0.1394565427226495 ,-5.677154606640739 ,9.639955896072195 ,-0.04055232001105069 ,329.99664306640625 ,44.0 ,
-5.101365590690279 ,-1.800902424593869 ,3.590318961464555 ,-0.7356960792410387 ,0.7790265461834722 ,2.846597272129504 ,3.9195086430441655 ,4.907053340957015 ,0.5478609859619645 ,-0.09047083846615367 ,1.847852096097578 ,-5.605384342907311 ,-2.9212928178097815 ,-0.7912439080487039 ,0.9786518749440467 ,4.520942546514398 ,0.6022091535567999 ,-5.55729358879911 ,8.999310799264546 ,8.677748958451389 ,-0.014731983443994068 ,1.6788891719941312 ,-4.813624432666898 ,-4.115544183681721 ,-0.320301786622432 ,0.43182422906055273 ,-0.737064359428268 ,0.09830211719806581 ,0.9435672171088083 ,-0.807577823312527 ,-0.5741601163298644 ,-8.452578989592132 ,0.1394565427226495 ,-6.430076702256846 ,5.647514432361334 ,0.46249983894202495 ,315.0774230957031 ,36.0 ,
-5.101365590690279 ,5.532335203854786 ,4.30711913145118 ,-4.442941128581513 ,1.6284060435096392 ,0.9669495464145215 ,3.9195086430441655 ,4.023923413872701 ,0.5478609859619645 ,-0.09047083846615367 ,-2.0024686441834856 ,-5.605384342907311 ,-7.681572070124046 ,-0.7912439080487039 ,4.008880154913644 ,4.520942546514398 ,-0.8873478785727893 ,-2.2030152429422856 ,12.95226641319541 ,8.677748958451389 ,-0.014731983443994068 ,1.0385357221588642 ,-4.813624432666898 ,-3.452529623473362 ,-0.320301786622432 ,0.43182422906055273 ,-4.8532617515262375 ,-1.2515702523429473 ,0.9435672171088083 ,-1.544421288532813 ,-0.5741601163298644 ,-1.08747362922137 ,0.1394565427226495 ,-5.677154606640739 ,5.647514432361334 ,-0.04055232001105069 ,314.5764465332031 ,34.0 ,
-5.101365590690279 ,-1.800902424593869 ,1.270053204202393 ,-0.7356960792410387 ,0.7790265461834722 ,2.725776500685758 ,6.368775938237052 ,4.907053340957015 ,0.5478609859619645 ,-0.09047083846615367 ,-0.6853522594717882 ,-5.605384342907311 ,-2.9212928178097815 ,-0.7912439080487039 ,0.9786518749440467 ,4.520942546514398 ,0.6022091535567999 ,-7.086233332723796 ,8.999310799264546 ,8.677748958451389 ,-0.014731983443994068 ,1.6788891719941312 ,-4.813624432666898 ,-4.115544183681721 ,-0.320301786622432 ,0.43182422906055273 ,-2.781997323465398 ,0.09830211719806581 ,0.9435672171088083 ,-0.9826923007174766 ,-0.5741601163298644 ,-4.248898978101805 ,0.1394565427226495 ,-6.430076702256846 ,5.647514432361334 ,0.5425737397634629 ,314.5764465332031 ,35.0 ,
-5.101365590690279 ,0.8693867662640831 ,0.3381034522653097 ,-0.7356960792410387 ,-0.318541692974017 ,2.846597272129504 ,3.9195086430441655 ,4.023923413872701 ,0.5478609859619645 ,-0.09047083846615367 ,-2.0024686441834856 ,-5.605384342907311 ,-2.9212928178097815 ,-0.7912439080487039 ,0.9786518749440467 ,4.520942546514398 ,-0.8873478785727893 ,-2.2030152429422856 ,17.265760529390153 ,8.677748958451389 ,-0.014731983443994068 ,1.0385357221588642 ,-4.813624432666898 ,-3.452529623473362 ,-0.320301786622432 ,-2.469325934051027 ,-0.737064359428268 ,0.09830211719806581 ,0.9435672171088083 ,-5.173497204029107 ,-0.5741601163298644 ,-5.192371296080269 ,0.1394565427226495 ,-0.014288993242093095 ,4.3474658282314245 ,0.5425737397634629 ,304.6934814453125 ,64.0 ,
-5.101365590690279 ,0.8693867662640831 ,0.3381034522653097 ,-0.7356960792410387 ,-0.318541692974017 ,2.846597272129504 ,3.9195086430441655 ,4.023923413872701 ,0.5478609859619645 ,-0.09047083846615367 ,-2.0024686441834856 ,-5.605384342907311 ,-2.9212928178097815 ,-0.7912439080487039 ,5.889384518510941 ,4.520942546514398 ,0.6022091535567999 ,-2.2030152429422856 ,8.999310799264546 ,8.677748958451389 ,-0.014731983443994068 ,1.0385357221588642 ,-4.813624432666898 ,-0.7076733403520179 ,-0.320301786622432 ,-4.228983569114516 ,-0.737064359428268 ,0.09830211719806581 ,0.9435672171088083 ,-1.544421288532813 ,-0.5741601163298644 ,-1.08747362922137 ,0.1394565427226495 ,-5.677154606640739 ,5.647514432361334 ,0.46249983894202495 ,303.3775329589844 ,39.0 ,
-9.075567782972334 ,0.8693867662640831 ,0.3381034522653097 ,-0.7356960792410387 ,-2.455099054968264 ,2.846597272129504 ,0.9247902088936235 ,0.8025059725568819 ,-0.881412819477446 ,-0.09047083846615367 ,-2.0024686441834856 ,-0.7955338812746697 ,-0.9931990330009473 ,-0.7912439080487039 ,0.9786518749440467 ,4.520942546514398 ,0.6022091535567999 ,-2.2030152429422856 ,8.999310799264546 ,8.677748958451389 ,-0.014731983443994068 ,1.0385357221588642 ,-4.813624432666898 ,-3.452529623473362 ,-0.320301786622432 ,-0.4411075679311123 ,-0.737064359428268 ,0.09830211719806581 ,0.9435672171088083 ,-1.544421288532813 ,-0.5741601163298644 ,-1.08747362922137 ,0.1394565427226495 ,-5.677154606640739 ,5.647514432361334 ,0.46249983894202495 ,293.95751953125 ,45.0 ,
-5.101365590690279 ,0.8693867662640831 ,0.3381034522653097 ,-0.7356960792410387 ,-0.318541692974017 ,2.846597272129504 ,3.9195086430441655 ,6.327941091812347 ,0.5478609859619645 ,4.7887315721985875 ,-2.0024686441834856 ,-0.7955338812746697 ,-0.9931990330009473 ,-0.7912439080487039 ,0.9786518749440467 ,1.0768537566462988 ,-0.8873478785727893 ,-0.3657059204123059 ,8.999310799264546 ,3.7979672563769045 ,-0.014731983443994068 ,1.5589812988553908 ,-6.767508196012211 ,-3.452529623473362 ,-0.320301786622432 ,0.43182422906055273 ,-0.737064359428268 ,0.09830211719806581 ,0.9988264017294657 ,-0.9826923007174766 ,-2.73251803286326 ,-0.442842282712544 ,-3.3684067620359586 ,-0.014288993242093095 ,4.3474658282314245 ,0.5425737397634629 ,235.92811584472656 ,37.0 ,
-5.101365590690279 ,-1.800902424593869 ,0.3381034522653097 ,-0.7356960792410387 ,0.7790265461834722 ,2.846597272129504 ,3.9195086430441655 ,4.023923413872701 ,0.5478609859619645 ,-0.09047083846615367 ,-2.0024686441834856 ,-5.605384342907311 ,-2.9212928178097815 ,-0.7912439080487039 ,0.9786518749440467 ,4.520942546514398 ,0.6022091535567999 ,-2.2030152429422856 ,8.999310799264546 ,8.677748958451389 ,-0.014731983443994068 ,1.0385357221588642 ,-4.813624432666898 ,-3.452529623473362 ,-0.320301786622432 ,0.43182422906055273 ,-0.737064359428268 ,0.09830211719806581 ,0.9435672171088083 ,3.4422299482071135 ,-0.5741601163298644 ,-1.08747362922137 ,0.1394565427226495 ,-5.677154606640739 ,5.647514432361334 ,0.46249983894202495 ,71.73699188232422 ,19.0 ,
-5.101365590690279 ,0.8693867662640831 ,0.3381034522653097 ,-0.7356960792410387 ,-0.318541692974017 ,2.753569373695086 ,3.9195086430441655 ,4.023923413872701 ,0.5478609859619645 ,2.8111855100197736 ,-2.0024686441834856 ,-5.605384342907311 ,-2.9212928178097815 ,-0.7912439080487039 ,0.9786518749440467 ,4.520942546514398 ,-0.8873478785727893 ,-2.2030152429422856 ,12.95226641319541 ,8.677748958451389 ,-0.014731983443994068 ,1.0385357221588642 ,-4.813624432666898 ,-3.452529623473362 ,-0.320301786622432 ,0.43182422906055273 ,-0.737064359428268 ,0.09830211719806581 ,0.9435672171088083 ,1.9355782422468297 ,-0.5741601163298644 ,-1.08747362922137 ,0.1394565427226495 ,-5.677154606640739 ,5.647514432361334 ,0.46249983894202495 ,71.73699188232422 ,1.0 ,
-5.101365590690279 ,0.8693867662640831 ,0.3381034522653097 ,-0.7356960792410387 ,2.48738558096507 ,0.9669495464145215 ,3.9195086430441655 ,4.023923413872701 ,0.5478609859619645 ,-0.09047083846615367 ,-2.0024686441834856 ,-5.605384342907311 ,-2.9212928178097815 ,-0.7912439080487039 ,5.974450800028155 ,4.520942546514398 ,0.6022091535567999 ,-2.2030152429422856 ,8.999310799264546 ,8.677748958451389 ,-0.014731983443994068 ,1.0385357221588642 ,-5.982162211747589 ,-0.7076733403520179 ,-0.320301786622432 ,0.43182422906055273 ,-0.737064359428268 ,0.09830211719806581 ,0.9435672171088083 ,1.7993625642414126 ,-0.5741601163298644 ,-5.268366796421879 ,0.1394565427226495 ,-5.677154606640739 ,5.647514432361334 ,0.46249983894202495 ,71.73699188232422 ,2.0 ,
-1.2577335279304886 ,0.8693867662640831 ,0.3381034522653097 ,0.5920429127361078 ,-0.318541692974017 ,2.846597272129504 ,3.9195086430441655 ,4.023923413872701 ,0.5478609859619645 ,-0.09047083846615367 ,-2.0024686441834856 ,-5.605384342907311 ,0.08612396497423891 ,-0.7912439080487039 ,5.889384518510941 ,4.520942546514398 ,0.6022091535567999 ,-2.2030152429422856 ,8.999310799264546 ,8.677748958451389 ,-0.014731983443994068 ,1.0385357221588642 ,-4.813624432666898 ,-0.7076733403520179 ,-0.320301786622432 ,0.43182422906055273 ,-0.737064359428268 ,0.09830211719806581 ,0.9435672171088083 ,-1.544421288532813 ,-0.5741601163298644 ,-1.08747362922137 ,4.537172368338705 ,-5.677154606640739 ,5.647514432361334 ,0.46249983894202495 ,71.73699188232422 ,3.0 ,
-5.101365590690279 ,4.999057909260162 ,0.3381034522653097 ,-0.7356960792410387 ,-0.318541692974017 ,2.846597272129504 ,3.9195086430441655 ,4.023923413872701 ,0.5478609859619645 ,2.872285609637872 ,-2.0024686441834856 ,-4.246571965477572 ,0.43629086296304864 ,-0.42774838636800716 ,4.213440834846086 ,1.260838409082877 ,-1.376388519393341 ,-0.3657059204123059 ,3.5337741323214464 ,2.225611699079441 ,-0.014731983443994068 ,-0.7727237458077696 ,-1.9612285265023603 ,1.1135061702334383 ,-2.328363633158027 ,0.43182422906055273 ,-0.737064359428268 ,0.09830211719806581 ,0.9435672171088083 ,-0.9826923007174766 ,-0.5741601163298644 ,-0.442842282712544 ,-0.6049228222836867 ,-6.484245587820464 ,6.381167985174095 ,0.14401235881257368 ,71.73699188232422 ,4.0 ,
-6.749886633748413 ,0.8693867662640831 ,0.3381034522653097 ,-0.7356960792410387 ,-2.455099054968264 ,2.846597272129504 ,0.9247902088936235 ,0.8025059725568819 ,5.0483246476399195 ,-0.09047083846615367 ,-2.0024686441834856 ,-0.7955338812746697 ,-0.9931990330009473 ,-0.7912439080487039 ,0.9786518749440467 ,3.9952614605713954 ,-0.8873478785727893 ,-0.3657059204123059 ,6.678842889019817 ,3.7979672563769045 ,-0.014731983443994068 ,5.012342840538196 ,-4.813624432666898 ,-3.452529623473362 ,-3.553424147897905 ,0.43182422906055273 ,2.7874680573791535 ,0.09830211719806581 ,0.9435672171088083 ,-1.544421288532813 ,-0.5741601163298644 ,-1.08747362922137 ,0.1394565427226495 ,-5.677154606640739 ,5.647514432361334 ,0.46249983894202495 ,71.73699188232422 ,6.0 ,
-5.101365590690279 ,0.8693867662640831 ,0.3381034522653097 ,-1.9743062562446716 ,-0.318541692974017 ,2.846597272129504 ,3.9195086430441655 ,4.023923413872701 ,0.5478609859619645 ,4.7887315721985875 ,-2.0024686441834856 ,-5.605384342907311 ,1.7322139337690339 ,-0.7912439080487039 ,0.9786518749440467 ,7.369106591729137 ,0.6022091535567999 ,-2.2030152429422856 ,9.934573460393693 ,8.677748958451389 ,-3.802774329673513 ,1.0385357221588642 ,-4.813624432666898 ,-3.452529623473362 ,-0.320301786622432 ,0.43182422906055273 ,-0.737064359428268 ,4.098514574627592 ,0.9435672171088083 ,-1.544421288532813 ,-0.5741601163298644 ,-1.08747362922137 ,0.1394565427226495 ,-5.677154606640739 ,5.647514432361334 ,-0.04055232001105069 ,71.73699188232422 ,9.0 ,
-5.101365590690279 ,0.8693867662640831 ,0.3381034522653097 ,-0.7356960792410387 ,-0.318541692974017 ,1.930424515930995 ,3.5823989660792703 ,4.023923413872701 ,0.5478609859619645 ,4.7887315721985875 ,-2.0024686441834856 ,-5.605384342907311 ,-0.14392105474793038 ,-0.7912439080487039 ,-0.9012046362914337 ,4.520942546514398 ,0.6022091535567999 ,-7.086233332723796 ,8.999310799264546 ,8.677748958451389 ,-0.014731983443994068 ,1.6788891719941312 ,-4.813624432666898 ,-4.115544183681721 ,-0.320301786622432 ,0.43182422906055273 ,-0.737064359428268 ,3.140315680884953 ,0.9435672171088083 ,-0.9826923007174766 ,-0.5741601163298644 ,-4.248898978101805 ,0.1394565427226495 ,-6.430076702256846 ,5.647514432361334 ,0.46249983894202495 ,71.73699188232422 ,10.0 ,
-5.101365590690279 ,0.8693867662640831 ,0.3381034522653097 ,-0.7356960792410387 ,-0.318541692974017 ,2.753569373695086 ,3.9195086430441655 ,4.023923413872701 ,0.5478609859619645 ,4.7887315721985875 ,-0.3704959604669973 ,-5.605384342907311 ,-2.9212928178097815 ,-1.733235758977762 ,0.9786518749440467 ,4.520942546514398 ,0.6022091535567999 ,-2.2030152429422856 ,8.999310799264546 ,8.677748958451389 ,-0.014731983443994068 ,1.0385357221588642 ,-4.813624432666898 ,-3.452529623473362 ,-0.320301786622432 ,0.43182422906055273 ,-0.737064359428268 ,0.09830211719806581 ,0.9435672171088083 ,-1.544421288532813 ,1.92855738281092 ,-0.7982381495705033 ,4.871489884508717 ,-5.677154606640739 ,5.647514432361334 ,-0.04055232001105069 ,71.73699188232422 ,11.0 ,
-9.075567782972334 ,0.8693867662640831 ,0.3381034522653097 ,-0.7356960792410387 ,-2.455099054968264 ,2.846597272129504 ,3.9195086430441655 ,4.023923413872701 ,0.5478609859619645 ,4.7887315721985875 ,-2.0024686441834856 ,-5.605384342907311 ,-2.9212928178097815 ,-0.7912439080487039 ,-1.846877586574926 ,4.520942546514398 ,0.6022091535567999 ,-2.2030152429422856 ,8.999310799264546 ,8.677748958451389 ,-0.014731983443994068 ,1.0385357221588642 ,-4.813624432666898 ,-3.452529623473362 ,-0.320301786622432 ,0.43182422906055273 ,-0.737064359428268 ,0.09830211719806581 ,-0.7228184167367757 ,-1.544421288532813 ,-0.5741601163298644 ,-0.7105078930748716 ,0.1394565427226495 ,-5.677154606640739 ,5.647514432361334 ,-0.04055232001105069 ,71.73699188232422 ,14.0 ,
-9.075567782972334 ,0.8693867662640831 ,0.3381034522653097 ,-0.7356960792410387 ,-2.455099054968264 ,6.1728254608403565 ,3.9195086430441655 ,4.023923413872701 ,-4.125872133418957 ,4.7887315721985875 ,-2.0024686441834856 ,-5.605384342907311 ,-2.9212928178097815 ,-0.7912439080487039 ,0.9786518749440467 ,4.520942546514398 ,0.6022091535567999 ,-2.2030152429422856 ,8.999310799264546 ,8.677748958451389 ,-2.522778240535314 ,1.0385357221588642 ,-4.813624432666898 ,-3.452529623473362 ,-0.320301786622432 ,0.43182422906055273 ,-0.737064359428268 ,0.39927276514819865 ,-1.0774676025939434 ,-1.544421288532813 ,-0.5741601163298644 ,-1.08747362922137 ,0.1394565427226495 ,-5.677154606640739 ,5.647514432361334 ,-0.04055232001105069 ,71.73699188232422 ,17.0 ,
-5.101365590690279 ,0.8693867662640831 ,0.3381034522653097 ,-0.7356960792410387 ,-0.318541692974017 ,2.846597272129504 ,3.9195086430441655 ,4.907053340957015 ,0.5478609859619645 ,1.0919153191526663 ,-2.0024686441834856 ,-5.605384342907311 ,-2.9212928178097815 ,-0.7912439080487039 ,0.9786518749440467 ,1.2559501961988229 ,0.6022091535567999 ,-7.086233332723796 ,8.999310799264546 ,8.677748958451389 ,-4.713949955727964 ,1.6788891719941312 ,-4.813624432666898 ,-4.115544183681721 ,-0.320301786622432 ,2.1615655079425347 ,-0.737064359428268 ,0.09830211719806581 ,-0.8758339675074356 ,-0.9826923007174766 ,-0.5741601163298644 ,-4.248898978101805 ,0.1394565427226495 ,-6.430076702256846 ,5.647514432361334 ,0.46249983894202495 ,71.73699188232422 ,18.0 ,
-5.101365590690279 ,0.8693867662640831 ,0.3381034522653097 ,-0.7356960792410387 ,-0.318541692974017 ,2.846597272129504 ,3.9195086430441655 ,4.023923413872701 ,0.5478609859619645 ,-0.09047083846615367 ,-2.0024686441834856 ,-5.605384342907311 ,-2.9212928178097815 ,-0.7912439080487039 ,0.9786518749440467 ,4.140388632768909 ,0.6022091535567999 ,-2.2030152429422856 ,8.999310799264546 ,8.677748958451389 ,-0.014731983443994068 ,1.0385357221588642 ,-4.813624432666898 ,-3.452529623473362 ,-0.320301786622432 ,2.25878964984009 ,-0.737064359428268 ,0.09830211719806581 ,0.9435672171088083 ,-1.544421288532813 ,-0.5741601163298644 ,-1.08747362922137 ,0.1394565427226495 ,-5.677154606640739 ,5.647514432361334 ,0.46249983894202495 ,71.73699188232422 ,0.0 ,
-5.101365590690279 ,-1.800902424593869 ,0.3381034522653097 ,2.410187551302732 ,0.7790265461834722 ,2.846597272129504 ,3.9195086430441655 ,4.907053340957015 ,0.5478609859619645 ,-0.09047083846615367 ,-2.0024686441834856 ,-5.605384342907311 ,-2.9212928178097815 ,-0.7912439080487039 ,0.9786518749440467 ,4.520942546514398 ,0.6022091535567999 ,-7.086233332723796 ,8.999310799264546 ,8.677748958451389 ,-0.014731983443994068 ,1.6788891719941312 ,-4.813624432666898 ,-4.115544183681721 ,-0.320301786622432 ,0.43182422906055273 ,2.7712966580051104 ,0.09830211719806581 ,0.9435672171088083 ,-5.173497204029107 ,-2.699889559786261 ,-5.192371296080269 ,0.1394565427226495 ,-0.014288993242093095 ,4.3474658282314245 ,-1.6214498849437313 ,71.73699188232422 ,27.0 ,
-9.075567782972334 ,0.8693867662640831 ,0.3381034522653097 ,-0.7356960792410387 ,-0.25896562573387794 ,10.359204455759409 ,0.9247902088936235 ,-1.8687982423817673 ,2.907841044924697 ,-0.09047083846615367 ,-2.0024686441834856 ,-0.7955338812746697 ,-0.9931990330009473 ,3.746995419837599 ,0.9786518749440467 ,3.9952614605713954 ,-0.8873478785727893 ,-0.3657059204123059 ,8.999310799264546 ,8.677748958451389 ,1.248033037151146 ,1.0385357221588642 ,-4.813624432666898 ,-8.236836221531325 ,-0.320301786622432 ,0.43182422906055273 ,-0.737064359428268 ,0.09830211719806581 ,0.9435672171088083 ,-1.544421288532813 ,2.095685982440339 ,-1.08747362922137 ,0.1394565427226495 ,-5.677154606640739 ,5.647514432361334 ,-3.323053558716999 ,71.73699188232422 ,26.0 ,
-5.101365590690279 ,0.8693867662640831 ,0.3381034522653097 ,-0.7356960792410387 ,-0.318541692974017 ,2.846597272129504 ,3.9195086430441655 ,4.023923413872701 ,0.5478609859619645 ,-0.09047083846615367 ,-2.0024686441834856 ,-5.605384342907311 ,-2.9212928178097815 ,-0.7912439080487039 ,0.9786518749440467 ,4.520942546514398 ,0.6022091535567999 ,-2.2030152429422856 ,8.999310799264546 ,8.677748958451389 ,2.661852597603085 ,-0.34966956674216787 ,-4.813624432666898 ,-3.452529623473362 ,-0.320301786622432 ,0.43182422906055273 ,1.268354754666605 ,0.09830211719806581 ,0.9435672171088083 ,-1.544421288532813 ,-0.5741601163298644 ,-1.08747362922137 ,3.196484363131486 ,-5.677154606640739 ,4.3474658282314245 ,0.5425737397634629 ,71.73699188232422 ,22.0 ,
-6.749886633748413 ,0.8693867662640831 ,0.3381034522653097 ,-0.7356960792410387 ,-2.455099054968264 ,2.846597272129504 ,3.9195086430441655 ,4.907053340957015 ,0.5478609859619645 ,-0.09047083846615367 ,-2.0024686441834856 ,-5.605384342907311 ,-2.9212928178097815 ,-0.7912439080487039 ,0.9786518749440467 ,4.520942546514398 ,-2.6453971067275073 ,-7.086233332723796 ,8.999310799264546 ,8.677748958451389 ,-0.014731983443994068 ,1.6788891719941312 ,-4.813624432666898 ,-4.115544183681721 ,-0.320301786622432 ,0.43182422906055273 ,-0.737064359428268 ,0.09830211719806581 ,0.9435672171088083 ,-0.2295440496498531 ,-0.5741601163298644 ,-4.248898978101805 ,0.1394565427226495 ,-6.430076702256846 ,5.647514432361334 ,0.46249983894202495 ,71.73699188232422 ,33.0 ,
-5.101365590690279 ,0.8693867662640831 ,0.3381034522653097 ,-0.7356960792410387 ,-0.318541692974017 ,2.846597272129504 ,3.9195086430441655 ,4.023923413872701 ,0.5478609859619645 ,-0.09047083846615367 ,-2.0024686441834856 ,-5.605384342907311 ,-2.9212928178097815 ,-0.7912439080487039 ,0.9786518749440467 ,4.520942546514398 ,0.6022091535567999 ,-2.2030152429422856 ,8.999310799264546 ,8.677748958451389 ,-0.014731983443994068 ,1.0385357221588642 ,-4.813624432666898 ,-3.452529623473362 ,-0.320301786622432 ,0.43182422906055273 ,3.070686511403273 ,0.09830211719806581 ,0.9435672171088083 ,-1.544421288532813 ,-0.5741601163298644 ,-1.08747362922137 ,0.1394565427226495 ,-5.677154606640739 ,6.381167985174095 ,-0.8803512977515431 ,71.73699188232422 ,24.0 ,
-5.101365590690279 ,-1.800902424593869 ,0.3381034522653097 ,-0.7356960792410387 ,0.7790265461834722 ,2.846597272129504 ,3.591281774238571 ,4.907053340957015 ,4.033165448409712 ,-0.09047083846615367 ,-2.0024686441834856 ,-5.605384342907311 ,-2.9212928178097815 ,-0.7912439080487039 ,0.9786518749440467 ,4.520942546514398 ,0.6022091535567999 ,-7.086233332723796 ,8.397875765239263 ,8.677748958451389 ,-0.014731983443994068 ,1.6788891719941312 ,-8.642232001315639 ,-4.115544183681721 ,-0.320301786622432 ,0.43182422906055273 ,-0.737064359428268 ,1.5087321037560097 ,0.9435672171088083 ,-0.9826923007174766 ,-2.73251803286326 ,-0.442842282712544 ,0.1394565427226495 ,-0.014288993242093095 ,4.3474658282314245 ,0.5425737397634629 ,71.73699188232422 ,32.0 ,
-9.075567782972334 ,0.8693867662640831 ,0.3381034522653097 ,-0.7356960792410387 ,-3.9096707289860912 ,2.846597272129504 ,0.956602019155989 ,0.8025059725568819 ,9.619056525668082 ,-0.09047083846615367 ,-2.0024686441834856 ,-0.7955338812746697 ,2.922046361838939 ,-0.7912439080487039 ,-1.7176814324835874 ,4.520942546514398 ,0.19611182572955155 ,-0.3657059204123059 ,9.245291408567537 ,8.677748958451389 ,-0.014731983443994068 ,1.0385357221588642 ,-4.813624432666898 ,-0.3307636619995873 ,-0.320301786622432 ,0.43182422906055273 ,3.2606294006974377 ,0.09830211719806581 ,0.9435672171088083 ,-2.2955978349665935 ,-0.5741601163298644 ,-1.08747362922137 ,0.1394565427226495 ,-5.677154606640739 ,5.647514432361334 ,0.46249983894202495 ,71.73699188232422 ,30.0 ,
-5.101365590690279 ,0.8693867662640831 ,0.3381034522653097 ,-0.7356960792410387 ,-0.318541692974017 ,2.846597272129504 ,3.9195086430441655 ,4.023923413872701 ,0.5478609859619645 ,-0.09047083846615367 ,-2.0024686441834856 ,-5.605384342907311 ,-2.9212928178097815 ,0.4927177657487618 ,0.9786518749440467 ,4.520942546514398 ,0.6022091535567999 ,2.759800655051672 ,8.999310799264546 ,8.677748958451389 ,3.221005276891189 ,1.0385357221588642 ,-4.813624432666898 ,-3.452529623473362 ,-0.320301786622432 ,0.43182422906055273 ,-0.737064359428268 ,0.09830211719806581 ,0.9435672171088083 ,-1.544421288532813 ,1.7428692108173776 ,-1.08747362922137 ,0.1394565427226495 ,-5.0408174367473695 ,4.3474658282314245 ,0.5425737397634629 ,71.73699188232422 ,25.0 ,
-5.101365590690279 ,0.8693867662640831 ,0.3381034522653097 ,-0.7356960792410387 ,2.6144976920821783 ,0.9669495464145215 ,3.9195086430441655 ,4.023923413872701 ,0.5478609859619645 ,-0.09047083846615367 ,-2.0024686441834856 ,-5.605384342907311 ,-2.9212928178097815 ,-0.7912439080487039 ,5.974450800028155 ,4.520942546514398 ,-4.803545714783194 ,-0.1508528037017074 ,16.26521868880674 ,8.677748958451389 ,4.1284071889589455 ,1.6788891719941312 ,-4.813624432666898 ,-4.115544183681721 ,-3.8253106465539704 ,0.43182422906055273 ,-0.737064359428268 ,0.09830211719806581 ,0.9435672171088083 ,-0.9826923007174766 ,-0.5741601163298644 ,-4.248898978101805 ,0.1394565427226495 ,-6.430076702256846 ,4.312997680555841 ,0.46249983894202495 ,71.73699188232422 ,28.0 ,
-9.075567782972334 ,5.620335419194885 ,0.3381034522653097 ,-0.7356960792410387 ,-2.455099054968264 ,7.550024001354451 ,-0.8264056955709163 ,4.023923413872701 ,0.5478609859619645 ,-0.09047083846615367 ,-1.12685042030876 ,-5.605384342907311 ,-2.9212928178097815 ,-0.7912439080487039 ,5.889384518510941 ,4.520942546514398 ,0.6022091535567999 ,-2.2030152429422856 ,8.999310799264546 ,8.677748958451389 ,-0.014731983443994068 ,1.0385357221588642 ,-4.813624432666898 ,-0.7076733403520179 ,-0.320301786622432 ,0.43182422906055273 ,-0.737064359428268 ,0.09830211719806581 ,-3.544180224891414 ,-1.544421288532813 ,-0.5741601163298644 ,-1.08747362922137 ,0.1394565427226495 ,-5.677154606640739 ,5.647514432361334 ,0.46249983894202495 ,71.68131256103516 ,5.0 ,
-5.101365590690279 ,0.8693867662640831 ,0.3381034522653097 ,-0.7356960792410387 ,-1.6954869178098375 ,0.9669495464145215 ,3.9195086430441655 ,4.023923413872701 ,0.5478609859619645 ,-0.09047083846615367 ,-2.0024686441834856 ,-5.605384342907311 ,-2.9212928178097815 ,-0.7912439080487039 ,0.9786518749440467 ,4.520942546514398 ,0.6022091535567999 ,-2.2030152429422856 ,8.999310799264546 ,8.677748958451389 ,-0.014731983443994068 ,1.0385357221588642 ,-4.813624432666898 ,-3.452529623473362 ,-2.9608915260043043 ,0.43182422906055273 ,0.7574943949985566 ,0.09830211719806581 ,0.9435672171088083 ,-1.544421288532813 ,-0.5741601163298644 ,-1.08747362922137 ,0.1394565427226495 ,-5.677154606640739 ,5.647514432361334 ,1.6080668419048345 ,71.68131256103516 ,21.0 ,
-5.101365590690279 ,0.8693867662640831 ,0.3381034522653097 ,-0.7356960792410387 ,0.7079726577228851 ,2.846597272129504 ,-1.5281932296028051 ,0.8025059725568819 ,9.619056525668082 ,-0.09047083846615367 ,-2.0024686441834856 ,-0.7955338812746697 ,2.922046361838939 ,-0.7912439080487039 ,-1.7176814324835874 ,4.520942546514398 ,3.900806805376357 ,-0.3657059204123059 ,9.245291408567537 ,8.677748958451389 ,-0.014731983443994068 ,1.0385357221588642 ,-4.813624432666898 ,-0.3307636619995873 ,-0.320301786622432 ,2.021679849320818 ,-0.737064359428268 ,0.09830211719806581 ,0.9435672171088083 ,-2.2305283262163975 ,-0.5741601163298644 ,-1.08747362922137 ,0.1394565427226495 ,-5.677154606640739 ,5.647514432361334 ,0.46249983894202495 ,71.68131256103516 ,13.0 ,
-5.101365590690279 ,0.8693867662640831 ,-3.0630292642959924 ,-0.7356960792410387 ,-0.318541692974017 ,2.846597272129504 ,3.9195086430441655 ,4.023923413872701 ,4.882797776019147 ,4.7887315721985875 ,-2.0024686441834856 ,-5.605384342907311 ,-2.9212928178097815 ,-0.7912439080487039 ,0.9786518749440467 ,4.520942546514398 ,2.9244150497518633 ,-2.2030152429422856 ,8.999310799264546 ,8.677748958451389 ,-0.014731983443994068 ,3.757052086660131 ,-4.813624432666898 ,-3.452529623473362 ,-0.320301786622432 ,0.43182422906055273 ,-1.4553147757326514 ,0.09830211719806581 ,0.9435672171088083 ,-5.173497204029107 ,-0.5741601163298644 ,-5.192371296080269 ,0.1394565427226495 ,-0.014288993242093095 ,4.3474658282314245 ,0.5425737397634629 ,70.67961120605469 ,12.0 ,
-5.101365590690279 ,0.8693867662640831 ,-2.3701844222438453 ,-0.7356960792410387 ,-0.318541692974017 ,2.846597272129504 ,3.9195086430441655 ,4.023923413872701 ,-0.881412819477446 ,-0.09047083846615367 ,-0.2174217536739793 ,-0.7955338812746697 ,-1.2481900741637437 ,-0.7912439080487039 ,0.9786518749440467 ,3.9952614605713954 ,-0.8873478785727893 ,-0.3657059204123059 ,8.999310799264546 ,0.040802299055117786 ,-0.014731983443994068 ,1.9013446472682183 ,-4.813624432666898 ,-3.452529623473362 ,-0.320301786622432 ,0.43182422906055273 ,-0.737064359428268 ,3.429433844413113 ,0.9435672171088083 ,-0.9826923007174766 ,-2.73251803286326 ,-0.442842282712544 ,2.949300658513399 ,-0.014288993242093095 ,4.3474658282314245 ,-2.504831127977412 ,70.64274597167969 ,7.0 ,
-9.075567782972334 ,0.8693867662640831 ,0.3381034522653097 ,-0.7356960792410387 ,-2.455099054968264 ,2.846597272129504 ,0.956602019155989 ,2.294135997679632 ,9.619056525668082 ,-0.09047083846615367 ,-0.9499798738662664 ,-0.7955338812746697 ,2.922046361838939 ,-0.7912439080487039 ,-1.7176814324835874 ,4.520942546514398 ,0.19611182572955155 ,-0.3657059204123059 ,8.26436371571109 ,8.677748958451389 ,-0.014731983443994068 ,1.0385357221588642 ,-4.813624432666898 ,-3.452529623473362 ,-0.320301786622432 ,2.0879612903048708 ,-0.737064359428268 ,3.084895720162498 ,-1.7653893911572174 ,-1.544421288532813 ,-0.5741601163298644 ,-1.08747362922137 ,0.1394565427226495 ,-4.2113614030686275 ,5.647514432361334 ,0.46249983894202495 ,70.6083984375 ,23.0 ,
-5.101365590690279 ,0.8693867662640831 ,0.3381034522653097 ,0.09177511936755933 ,-0.318541692974017 ,2.846597272129504 ,5.940291476292009 ,4.023923413872701 ,0.5478609859619645 ,2.872285609637872 ,-2.0024686441834856 ,-4.246571965477572 ,0.43629086296304864 ,-0.42774838636800716 ,4.213440834846086 ,1.260838409082877 ,-1.376388519393341 ,-0.3657059204123059 ,3.5337741323214464 ,2.225611699079441 ,-0.014731983443994068 ,-0.7727237458077696 ,-1.9612285265023603 ,1.1135061702334383 ,-0.320301786622432 ,0.43182422906055273 ,-0.737064359428268 ,0.09830211719806581 ,0.9435672171088083 ,-0.9826923007174766 ,-0.5741601163298644 ,-0.442842282712544 ,-0.6049228222836867 ,-6.430076702256846 ,8.230900418334143 ,3.895926813369299 ,70.57050323486328 ,31.0 ,
-5.101365590690279 ,0.8693867662640831 ,0.3381034522653097 ,-0.7356960792410387 ,-0.318541692974017 ,2.846597272129504 ,3.9195086430441655 ,4.023923413872701 ,0.5478609859619645 ,4.7887315721985875 ,-2.0024686441834856 ,-5.605384342907311 ,-2.9212928178097815 ,-0.7912439080487039 ,0.9786518749440467 ,3.9952614605713954 ,-0.8873478785727893 ,-0.3657059204123059 ,8.3186884875544 ,3.7979672563769045 ,-3.9541126284029335 ,5.012342840538196 ,-4.813624432666898 ,-3.452529623473362 ,-0.320301786622432 ,0.43182422906055273 ,-0.737064359428268 ,0.09830211719806581 ,0.9435672171088083 ,-0.9826923007174766 ,-2.73251803286326 ,2.404238056933285 ,-2.3185203419716967 ,-0.014288993242093095 ,2.5968168027839518 ,-0.04055232001105069 ,70.57047271728516 ,16.0 ,
-5.101365590690279 ,0.8693867662640831 ,-2.4087362195961983 ,-0.7356960792410387 ,-0.318541692974017 ,0.9669495464145215 ,3.9195086430441655 ,4.023923413872701 ,0.5478609859619645 ,-0.09047083846615367 ,-2.0024686441834856 ,-5.605384342907311 ,-1.5549828634795433 ,-0.7912439080487039 ,0.9786518749440467 ,4.520942546514398 ,-0.8873478785727893 ,-2.2030152429422856 ,12.95226641319541 ,8.677748958451389 ,-0.014731983443994068 ,1.0385357221588642 ,-4.813624432666898 ,-1.3108333425902656 ,-0.320301786622432 ,-1.9591832646476266 ,-0.737064359428268 ,2.490948363538906 ,0.9435672171088083 ,-5.173497204029107 ,-0.5741601163298644 ,-5.192371296080269 ,0.1394565427226495 ,-0.014288993242093095 ,4.3474658282314245 ,0.4121706937738818 ,70.55235290527344 ,20.0 ,
-7.679826357225149 ,0.8693867662640831 ,0.3381034522653097 ,-0.7356960792410387 ,-0.318541692974017 ,2.846597272129504 ,0.25443250207897217 ,4.023923413872701 ,0.5478609859619645 ,-0.09047083846615367 ,-2.0024686441834856 ,-5.605384342907311 ,-2.9212928178097815 ,-0.7912439080487039 ,5.598060054253892 ,4.520942546514398 ,0.6022091535567999 ,-2.2030152429422856 ,8.999310799264546 ,8.677748958451389 ,-2.326906166956726 ,1.0385357221588642 ,-4.813624432666898 ,-3.452529623473362 ,-4.744438358264391 ,0.43182422906055273 ,-0.737064359428268 ,3.8562513104900162 ,0.9435672171088083 ,-1.544421288532813 ,-0.5741601163298644 ,-1.08747362922137 ,0.1394565427226495 ,-5.677154606640739 ,5.647514432361334 ,0.46249983894202495 ,70.55187225341797 ,8.0 ,
-5.101365590690279 ,-1.800902424593869 ,-3.5280141622384713 ,-0.7356960792410387 ,0.7790265461834722 ,2.846597272129504 ,3.9195086430441655 ,4.907053340957015 ,0.5478609859619645 ,-0.09047083846615367 ,-2.0024686441834856 ,-5.605384342907311 ,-2.9212928178097815 ,-0.7912439080487039 ,5.720800195611375 ,4.520942546514398 ,0.6022091535567999 ,-7.086233332723796 ,8.999310799264546 ,11.41924342944192 ,-0.014731983443994068 ,1.6788891719941312 ,-4.813624432666898 ,-4.115544183681721 ,-0.320301786622432 ,0.43182422906055273 ,-0.737064359428268 ,0.09830211719806581 ,0.9435672171088083 ,-0.9826923007174766 ,-2.73251803286326 ,-0.442842282712544 ,0.1394565427226495 ,-0.014288993242093095 ,4.3474658282314245 ,0.5425737397634629 ,70.1963882446289 ,29.0 ,
-9.075567782972334 ,0.8693867662640831 ,0.3381034522653097 ,-0.7356960792410387 ,-2.455099054968264 ,7.550024001354451 ,-2.217919757653315 ,0.8025059725568819 ,-5.041151559336593 ,-0.09047083846615367 ,-2.0024686441834856 ,-5.605384342907311 ,-2.9212928178097815 ,-0.7912439080487039 ,0.9786518749440467 ,4.520942546514398 ,0.6022091535567999 ,-2.2030152429422856 ,8.999310799264546 ,8.677748958451389 ,-0.014731983443994068 ,1.0385357221588642 ,-1.318142411027793 ,-3.452529623473362 ,-0.320301786622432 ,0.43182422906055273 ,-0.5204010999931321 ,0.09830211719806581 ,0.9435672171088083 ,-5.734676958963568 ,-0.5741601163298644 ,-1.08747362922137 ,0.1394565427226495 ,-5.677154606640739 ,5.647514432361334 ,-0.04055232001105069 ,69.6333999633789 ,15.0 ,
-5.101365590690279 ,-1.800902424593869 ,0.3381034522653097 ,-0.7356960792410387 ,0.7790265461834722 ,2.846597272129504 ,3.9195086430441655 ,4.907053340957015 ,0.5478609859619645 ,-0.09047083846615367 ,-4.027585310491014 ,-5.605384342907311 ,-2.9212928178097815 ,-0.7912439080487039 ,0.9786518749440467 ,4.520942546514398 ,0.6022091535567999 ,-2.2030152429422856 ,8.999310799264546 ,8.677748958451389 ,-0.014731983443994068 ,1.0385357221588642 ,-4.813624432666898 ,-3.452529623473362 ,-0.320301786622432 ,0.43182422906055273 ,-0.737064359428268 ,0.09830211719806581 ,0.9435672171088083 ,-1.544421288532813 ,-0.5741601163298644 ,-1.08747362922137 ,0.1394565427226495 ,-5.677154606640739 ,5.647514432361334 ,-0.04055232001105069 ,0.0 ,99.0 ,
